{"file_hashes":[{"block_hashes":["aTBzVcOblUz3CBD5rjEukN6uVs4kq3a+b7S1q+Zu/ts="],"block_size":4096,"path":"assets/default_exclusions.json"},{"block_hashes":["5cxgyOYEdoydbFE7bJ+Nt2L2PlTWx8A2F4ul7gdM3WM=","P1CCLhpqfmaztr1jk/U0/m8tEOTeyTzqc8FP1kzz1z4="],"block_size":4096,"path":"assets/fonts/LICENSE_OFL.txt"},{"block_hashes":["7EP3/Mcz4ATbc4VAS4UWKBe1icU7MiqKI66cw8zMrNE=","LXVtSkianN9A4bdIewXWZ5DRtc5DJwx2HrTltZYRGMM=","LuIm9BN/FBbanpi/edEiCwz7t6SsVHCEF16SjSZVPj0=","MeyF7bZmeitgXQEU5vtyLdfb9L/QHf+YGsL1LczOo9Y=","xD6gSMmnbvZzuQWkUJvjlT2ho53FpbaZkibKhZs3nkc=","9Tf2XDpcnR/RPB88R+7BBbjm8nfricXE2933kVUjj5Y=","EXQRFWYlBNbUIjZi7Mc8ZtZ81IsQcW7G363q67uAMT4=","DIFweyTad1yl/1fshlPvqEcVwM8T4kd/0awgr+YPcjM=","nGcytxMrnSLdOQl81/pL+iC0GWqAufbXnQ69McXADYQ=","bxrwNdJ2dc2AbR2WCSyAWm8YrMs2YB9COlVwBt1kf3M=","j9CM44MSJa2fHEO4r+WC+KOhhf4e96Ka02/rByM5LBg=","oWzXQzJxvI4Cb0Elx9fTznG68xvL3HR/fRby0h2UoWU=","Mmmh7u4z0Bn6LJHmi+I21AnRXfEy61GEFoNM/w6HZSw=","8mOD/l9rwuyumlvGtL7951rqrckuxwAFrk6dQZgweD4=","QPNoo8YSeCfpz/2cokW8HoSi/A2Y+Tq1wYCPqYI7bAI=","eYSyCG7XsjgVpj1j2RVqxIl9d4sZUxlrYFfvsyCUABM=","Fh4NjKy7yvpZ5u5Yvzmpm3xv398K4D17KzyHmdxyGIQ=","jJdiAI9b5F1ZBuPDlotHAwmlcLdN0u1jKD4jQL+kiNI=","sOInUCUGz/juJJPIccBa6UnXZ6yzuOI4z9fW6yocmUE=","Mt5bc/I6VBjF4dkPKbBEeEtuLw10omRt11gSggyJU+I=","SHZYsIaAu/8GK9kcPLZIYz27ZmiCLs2+8fOS8dQyBKA=","3sLfuW/Df+O/P2vgjEDz9e0kDOWASdgH5hVc7hcchc4=","IfEpyzaW6wLo+QbpgfD5SPohmpgpwxHYyUo+bOkt0bg=","9weaU7tPetSS/61EUPJqHlIhpZfkCl0Bj1THIInOcSY=","RC4yXhl5SnGm6M12fQ8DEWZkNHUTRPZCqN1i8vL8N4Q=","Y41bs/cltAj1PFPTPzbqPLlAbKJOG3SokkSU0LoVsno=","mFMhXhOxV/525+aIycEI0H+gIcgG1WvUWNTizrlL29Y=","2qRlicww8LGA+/7ubBNdUgER3JtFS/QArD8tlEg9aBU=","T10xZvcS9msmsVIvfydeUPT19guiwJjeec7w1rHIiFU="],"block_size":4096,"path":"assets/fonts/NotoSansCJKkr-DemiLight.woff2"},{"block_hashes":["OkWPP3uJqhqMted3LMxmr3WaId1lfd/JJfiAu/U3DRc=","uNVP7lzN8RQhNikK0H1SWs7pHQNYc4VFrYbIlIfgQik=","i1NqxiUS7fdYune03GUaRSjE8OKhINFCl8B3LeW3YVc=","w7m2hz26nvdj3M24OfFevaVgPvbATG0S8M8aZ7Z3eN0=","j486qUK2ImBSwraAwNGPkc/UxWOu9W09hp5mflA90DI=","3QyY3YWedUfy4NzpvoZ4bOXbG8+sAIdm5t4jeM6gIBM=","/fUGZyb1saBHP4h7oD1QnfOlUX4XeQKn0RdLo9prwI0=","kFNJ7p9QtzT6CerMkA3f3Z5hBxoSxIWOzn2yntt0NLA=","uubcWS4BcAiecnxoDKmPBVS1eWK8ECjWE00K1ZUUR6U=","10B903+54C38b8Iag7U+QzFhqHt1jiyOSgEUPVAmqng=","Q6dLCwH8OmvapGZ8YH2WlhZKL8VNviNWmxMQSO+QOGs=","ZUguRwzq7367YyhIDkB2Cl1yixLFqTjvVjTf+th9lkQ=","m9KCF9XY79zisnBp9XEB+ViRsrWUylN7Ss4xH5j7VZw=","fh4mPQ88zEaUNllb7+hORPJy0VWGpVqG6aUuLsQ0KEg=","wbg4JQlDFz/NvwDTAKiY/NvncMxz0I2tKn772vkqfIM=","Ykd3fDk8/kE74oQU53xz58lQiO7a6Ga3ERRIuMLKBBg=","mcg8dbGpP59mlDXudaxCh5pXVd0/2SuM02VW4ERJJEo=","/Jcc8QOx1Cnjt6VHL2uMdYDwraj8Ke0ck9iMTZMevMo=","h4Xg7oXaLLT5xJx1dLv4yViAwI2hqHnOpo4BE6yVEZA=","NZDXMjyWQ18nBhadDRSzi7xRkzLXKoGL5tYXE5MyZrE=","IKinercHc1UxoTpq34jp1RQr6xVV4lJbUqvc3jO06ZE=","sg4u3ngBpZV1sUpn8WTfLnr0tb8fkIqDOokOUjlvhJA=","Fq2gmusi5GK15URa50LWhUbAQPXkCvA5vELgbleL9Y4=","TMdBpoKlWWrUEwAvqco14M1t3r0kj8vAHNhwvKka8mM=","wRJ/1Ygj9ipUZoj5OlFEzKnBjC6pyyJA9JrEhIdOT/g=","2YpXRqSqimwP/WTM9uGUIJtTCQF/6fcgFeXG1Ai7tgU=","2378w8sHrjv7gK7ua4LQ4l4NmUGdvpScf+AIumXtTgQ=","QQYmN2RPdDcXwQuEUXSnwZw4WVp9PpQGPZPB/nnMXI0=","DPt8kqRjIsDNzaeVbdATcWNCMfVqO83yuyWmLjOBgPI="],"block_size":4096,"path":"assets/fonts/NotoSansCJKkr-Medium.woff2"},{"block_hashes":["wUAcGnnV+SDZBNRAy3DzihrFp0DqLMFc9iPcA8Wy30k=","9EebkzkaiHABPRbmK7ozLIv5YWAXrMIFDj2JyQSxRD0=","/gfN66O6ezEDluX/fELpuaOlx+8J7axl7ZVDzkiv3ao=","2TZwZ9aCQaH94hOXgO5FH6/nxMhpfQ0acGEizDh6XQ8=","2KBkXB7JXM56jh5e1EiNrB+mJ4GSDHgo3Y5R4jhjwcU=","bBFqW4AhjuTXIB1/PG+Lp/NQjU1luzIcXFgvgavtJ34=","07r8ifBVLRCCaZUszC8IxnUU7Ryn147wWeycCp9n6P0=","WoTgrvWl1qq2TaTmwg9maoq/6r1mAfzEgPF6VK/S9qk=","5hqVgoz2GCqGI4eXcYv2atTO3vM/maSCtBusbb5Wd7I=","4mwESIhQ/QGKbYI4KKJRfGGW2PKDNQ3i+hRJZlA2tCc=","cT4YhS/3V69MdMJN8dGjRcMzb76Bbo3mse6dm5CgCjk=","GD6WR+M31g18p95U7EosrylYIp42Uh43IciDeyitZIA=","ujXf0qysW8xxG2EHx+sZU1RfD/bsZMsJcjXBXsCWJ8A=","IM0Ha7nNskyX0+AP2pBS38SqXXO4j8zcn4reLJlMD8c=","vOT9xYZGyzDg5y2Xb2IFjTfvKPla3Slk05AgJUj2YU4=","s/31eP4Zs8KJn7wfzsHWOef2fBIVoJ+FLVKw9YPMtoA=","SvqaaXX8r8CyAVzxJvCAenNsDacudD5fequ0U1uKNYE=","JfQpa7kn07e9jzZldMu3QAcaXGRTDPCaPM9jnUQ6Vow=","nJ+6vyT4PKpZulOX6XJRaE6bkGVjl4wlLcNw4BCvq2w=","YlF1O80KCcMannHHqm5ZQsF/q6t10u+hcIPvKsL6f2c=","2TtP5uMTAAiS1uD33EnC8dx2v09v0SuvTg5FeS0Wv7o=","IkS1/6VAWWcRtrUQPJkGIu2ZhzRUJYOnn4vYjK8Ubco=","7PU5g/qfa06NUlhM0cIjbSOPl2O6oJuM3hLRBQkixDA=","GG5i+jDM6aphcZwYtEgll5FrSzSIYPBNAQ0xg70Fbd8=","ByeHFfgRXJBwFzqjxK32jSk4Xg2JOHrFMdiKK7Jv3Vs=","9vF9E0f4aDcxLT5iy8h0AhZWDD2VEWesYFRkVNw12tU=","vGtyOm7tTEIAWTG7Fx1AGYLyo+QIYToKPZs98XfpKco=","UvaKVUrPri/6AIFwTCSoBQgGWrdzLYYIqQTuU7MHWbU=","hDoBrDdGOyke0I2VVIQ+gYOVzgWZtkkTflXza5Q4A5s="],"block_size":4096,"path":"assets/fonts/NotoSansCJKkr-Regular.woff2"},{"block_hashes":["9l6PQIeF0H+15YHazKf/VfzCOc/XKoAPD/h58HOrr68=","84cjkkF+buQ77fUhkWQRfcNEoVvRGhRV4mcNwccWuKE=","O5nR944udQtuXCJ2PDLolyu9iYqHp2FrvIYw0PHvqNo=","tR+BAkJ9R+hCLuez/EMNrb3ZRGw52zHasPHvJi/okzA=","GaWsVsvLWmcj7h1JLDO7HhLLMRWpnSCHhMFvmaO8hKM=","hvY3KKI45CtPw0O5RgntNbZkERI8DUDqIr+bu1VuyO8=","3GOZGa0QZoNR2+aN0ivCj+I5+WCoMp4hDEc0iT4LM3g=","l9ffMmMsOy9KaEaM61U790XfW52B7FjDuNGXHk6GNAs=","iyuFokjJRMpE+d5tvRFhB43hJSFo77v0EdZmHFY1wo8=","SWkE51x1Zjzh2jIIuEuV/quapJOiDdxrkF2OujRq5ww=","2F6Pel713/msO/ilfiGkjhca60BPtOCtw9odfclsI/4=","ZwEwU5RhgbSOtbmfbaXgeEyx/SR0JIsSWSgn40SoIJc=","8aPgfQrHUjDPHTXg9GY8kLCMUleNOWCbF/BsfJoOEIE=","bBO/uErpLa/Bb3MIGqUPcRJODf76L34eF8+Qu8vAFlQ=","q+qZG1zw1Olo3JJdWi1TyPOq/y/ZjjrFksq02K1KGz0=","yQCL0NJZ5R24jd8pFkaCQ24YJbkEuYMVwmLH35IqdWI=","QHewtJZVAWVGUO6Y6yWF3pcD6FCH7fN2KF24VsjuEnU=","mdi7udWmDAkjYuSGYLsc1qujL50NGLfk9Wwvgfhx958=","IvQgvrnnA10q/MPqagKV1ZZO7d1cgEP6rnPAmdgmr6w=","b+qZCGCPZX0mSf+bByogrbCVh+OXYpomYZcgplVDOHI=","bLciAdRif3dnOWJ71+4I3qX5R4wimiHlMGDW9dG+ioM=","pOI/bW0xj/LQStkSqSuAJKRsNeKb303KMNT3rHdzVlQ=","cuk8rLu74kZs4ktQ2gdcplCbEWFlkiVg71RZwaCM4vs=","eM2IRewA8kVaXoyTl1yvdu2kMFDCK1o9roomSjnC7ac=","c4UaOgF7qATaBg0GFZuXE+da7X4sban7ZneXmHIFIOU=","M+APv8/PTa6agT/YKpuGKBvDnqyZs/TiWlBtNPGriY8=","i1cFg0g6ZblEuXO1CTRBurdYLY6goQECUO4Gy64/Abg="],"block_size":4096,"path":"assets/fonts/NotoSansCJKkr-Thin.woff2"},{"block_hashes":["6p8nZgAavytGk7tRvYxoIA5jlCIO+IuzROTAYWelG0s=","nylLNbHeeen/BmpjV9oUbwtZBNwyQY0L3hSZw7UAQlc=","IHEp0SIAR0OfPYP2UoqM9CwAVDPMOtmJ8w2AAwVz5D8=","WTkdh1brXJtY+gHhZon0D0p6wa1sGzGFCTDH4dM4NYs=","+z+9/e9Miu9uK8hXLoG4VX+Xglw/SEDCo9k20NIvNUo=","6OjVSqby3sY5+rx88CQkdb1dU2H8znySpjwrHtP2frk=","qI3Wo65wAeVliEgFQL8bAXYgxNO8CTgRLfQdc+1B3mU=","VfC8dDzMMKweERjHBxhJfL1YjZYC4T15KqsxEuB5yqA=","Uo5X7Qotp76UAq83dC8rsNjvkgDu0fA04FSBbwtI6tI=","7rx+XE8GjAZpL8ZJhtFO10XEDJonbAa8FJucyLMgEZo=","yHNocydUr1BD10WtyC3gDXy4kPwQc6T74BbsS0QgI4k=","xzge82fXzv4+39DP5y3fnY0z16zVwqDI7PoOEigXXrg=","gBHJ61ouHKKxyWenPyUvWZBbIkRz/2ZCrJs8eFxZyLE="],"block_size":4096,"path":"assets/icons/icon_512.png"},{"block_hashes":["VNyIrL1+wNB6XE7ERoH72XnxaHb7gyPN2IlmIA/J4Dg="],"block_size":4096,"path":"assets/svg/align.svg"},{"block_hashes":["mqdCPurOIPPCDBlV6JzmWdXBK5o776dPNyUx8uoPF9Y="],"block_size":4096,"path":"assets/svg/cursor.svg"},{"block_hashes":["wYpuOoAac4HujHCjcFFZWfa+uFsa3PaGtCGviFPsnhs="],"block_size":4096,"path":"assets/svg/five_stars.svg"},{"block_hashes":["4GIrPGsqprufl8+EWROOV2Ch+7lh9umGnukF1BazJxY="],"block_size":4096,"path":"assets/svg/garbage-can.svg"},{"block_hashes":["gJbkVmEVoGo7deO4emPvJ7vRmqfIJLWh+JtrO49QSgA="],"block_size":4096,"path":"assets/svg/help_2.svg"},{"block_hashes":["yjHJ/wcmvoLTL05O2wM3buHRnHeVc2qipfTsYF48pzo="],"block_size":4096,"path":"assets/svg/plus.svg"},{"block_hashes":["1MA8d/Gs3kwrUhtDT9UxrZX4jkaJ+EsoSpkngEb+3vA="],"block_size":4096,"path":"assets/svg/search.svg"},{"block_hashes":["xumfk+HFxQqSVJXk5z9tMBn3smaDXezN096/zKo5URs="],"block_size":4096,"path":"assets/user-select.css"},{"block_hashes":["wtzTfU3DTOtA+HSk13y0JF61IPsk5PlG0xlKmBu3fdg="],"block_size":4096,"path":"background.js"},{"block_hashes":["KYC4qdcvjv0dou8EN7O62u0WT21444wt921dHFpgGIY="],"block_size":4096,"path":"common.js"},{"block_hashes":["wain4U+ulm7SsNT/sP8yYTqAuPds8I34dXTMuMFFJk4="],"block_size":4096,"path":"handshake.js"},{"block_hashes":["Fv6Ha7F4uOlPiQ/aUHw5Lqvfie714dnlU5Ty9NcIPjg=","XgvfO8DOexVOZwBUL6PriooTm6+LH5Bo7UAIvodDyEE=","vOGPVUXcJXa+P2dMcpVx+LLp/FACoakpRldkYXMYjBk="],"block_size":4096,"path":"membrane.js"},{"block_hashes":["NWdFmg8O3N+FrNXPPmatu72PPel0CMIOq5KnLG/W0KQ=","f69KP+dSwK6CbMvQbEfGjrIKjYY8vrW7/R14JsFeLAY="],"block_size":4096,"path":"popup.css"},{"block_hashes":["2Wz2oNl5k/f/TEn84h1pV+x6szMOd9MqCCwVYSec1XU=","lOTT91wO6i5LXMRF4xvTEuldmJgMvWBGmyDdwPTUZYk="],"block_size":4096,"path":"popup.html"},{"block_hashes":["CHIGCnKTclJsLJICMvnqVWleF2DmGZLE6MPLGvJJRj0=","+Dk6BF+iixkkOlUo0AmQvcrZkS+c9CS4lF6AWQtlLOk="],"block_size":4096,"path":"popup.js"},{"block_hashes":["AzlCy1kPzX7WAxuqCJYGTgFfxJeum56IGBrnhVo6ABs="],"block_size":4096,"path":"pref.js"},{"block_hashes":["yJA0Lke2y1KLKqKKACeYliqK4N39xtDIDm91s04MQ/0=","DWItjjZjf6Yxo32s2OlQ4u6e0Kxf6UliPTVmW/xRGbc=","9IATqNbyybjFh3jP24DjiMXPcE6siPsj+YLrwY6K4n4=","4tititN1Aa01D6BKsfe7XcjbWLuRRvLOPtyxG2KTkaE=","jNt63j4mp9fgK0L+SYg6lcd2Ru2oAijUPQpvESTlM2k=","NogH0vrj/TpJ5yi4z2/y0jVeQsZ9PMQzFhn8uWUsHFk="],"block_size":4096,"path":"settings.css"},{"block_hashes":["ni7JAkMs+whoFjQ48tlvabFCITk3aCVPn+Ol0uKtr1A="],"block_size":4096,"path":"settings.html"},{"block_hashes":["jBrHelPllyRnQjYmTi0f48D3zrvXo0Ba6UvubfX1z70=","V8e2CYy8dtG1RdpCi3J7tlh7c91kqcLI0Ojp3Eg2r8E="],"block_size":4096,"path":"settings.js"}],"version":2}